Asset,Weight
Stock A,0.16995674185427853
Stock B,0.04677362935705529
Bond A,0.08110652268493564
Bond B,0.3512675997377723
Real Estate,0.3508955063659584
